Brand,url
A La CARTE,https://alacarte4k9.com.au/product-category/cat/
AATU,https://aatu.co.uk/collections/cat-food
Absolute Holistic,https://absolute.pet/our-brands/absolute-holistic/cat-supplies/c/air-dried-food
ACANA,https://www.acanapetfoods.co.uk/product-category/cat-food/
Addiction,https://addictionpet.com/cat-foods/dry/
Adirondack,https://adirondackpetfood.com/premium-cat-formulas/
ADVANCE,https://petfood.advancepet.com.au/collections/cats/food-type_wet
Against The Grain,https://www.againstthegrainpetfood.com/new-generation-super-food/
AIXIA,https://www.aixia.jp/en/products/
AlmoNature,https://www.almonature.com/en/hqs-range-for-cats/
Alpha Spririt,https://www.aspiritpetfood.store/en/collections/alimentacion-gato
AlphaVET,https://www.alphavet.co/cat-en
Ancestry,https://ancestrypetfood.com/products/ancestry-by-sammy-snacks-grain-free-cat-food
ANF,https://anf.com/184
Animonda,https://www.animonda.de/katzenfutter/produkte
AnnaMaet,https://annamaet.com/products/animal/cat-food/
Artemis,https://artemiscompany.com/collections/shop-cat-all
Atas Cat,https://www.aatascat.com/wet-food1
Aujou by RAWZ,https://rawznaturalpetfood.com/product-category/minimally-processed-natural-cat-food/wet/
Avoderm,https://avodermnatural.com/all-products/cat/
Beaphar,https://www.beaphar.com/product/lactol-kitty-milk
BEST BREED,https://bestbreed.com/cat-diets/
BlackHawk,https://blackhawkpetcare.com/au/cat-food
Blackwood Pet Food,https://blackwoodpetfood.com/shop/cat/
Blue Buffalo,https://bluebuffalo.com/product-finder/cat/?facets=
BlueBay Animate Pet Food,https://www.bluebaypetfood.com/en/categories/cat-dryfood-animate
Bonachibo,https://www.bonacibo.com/for-cats/
BOREAL,https://borealpetfood.com/Cats/
Bravery Pet Food,https://www.braverypetfood.com/en/cats/
Canada Fresh,https://petkind.com/pages/canada-fresh-cat
Canagan,https://www.canagan.co.uk/cat-food.html
Canidae Per Foods,https://www.canidae.com/cat_goodness#tab-section3
Cardinal Fussie Cat,https://fussiecat.com/our-menu/
Cargill Nutrena,http://www.nutrenaworld.co.kr/goods/?type=B132366906935
Carna4,https://carna4.com/our-products/cat-food/
Caru,https://carupetfood.com/product-category/caru-for-cats/natural-stew-for-cats/
Catz finefood,https://www.petsnature.de/katzen-shop/neu-im-katzen-shop/
Celtic Connection Holistic Pet Food,https://celticconnection.eu/home/products/product_cat.html
Chicken Soup for the Soul,https://chickensouppets.com/cat-food
Companion Pets Classic,https://perfectcompanion.co.id/en/product/brand/16-classic-pets-for-cats
Diamond Pet Foods Premium Edge,https://www.diamondpet.com/food-finder/?_sfm_refine_pet_type=cat
Dr. Clauder's Best Choice,https://www.dr-clauder.com/artikel-gruppe/Dryfood?id=30&lang=en
Dr.Link,https://www.dr-link-tiernahrung.de/katzen.html
Earthborn,https://www.earthbornholisticpetfood.com/products/intl/intl-cat-food/grain-free/
Economy ROYAL,https://www.walmart.ca/en/ip/economy-cat-food-8kg/6000188081685
Entoma,https://entomapetfood.com/collections/cat-food/products/cat-food?variant=30326740484185
Essential The Jaguar,https://www.essentialfoods.com/product/jaguar/
Evanger's GrainFree,https://evangersdogfood.com/product-category/cat-food
Evolve,https://evolvepetfood.com/dry-cat-food
Farmina Vet Life Feline,https://www.farmina.com/us/cat-food/56-n&d-quinoa-functional-feline.html
Feline Natural,https://www.felinenatural.com/collections/all?pf_pt_type=Freeze-Dried&pf_pt_type=Cans
First Choice Canada,https://www.1stchoice.ca/en-ca/products/1st/cat/
FirstMate,https://firstmate.com/cat-food/
Fish4Dog,https://www.fish4dogs.com/shop/cat
Forza10 USA,https://forza10usa.com/collections/shop-cat
GATHER,https://www.petcurean.com/for-cats/gather/
Go! Solutions,https://go-solutions.com/en-us/all-cat-recipes
Good Friends,https://www.ruralking.com/catalogsearch/result/?&q=Good%20Friends
Gosbi,https://gosbi.com/en/fresko-cat/
Grandma mae's,https://www.grandmamaes.com/cat_products/
Hagen Catit Dinner,https://www.catit.com/shop/catit-chicken-dinner/
Halo pets,https://halopets.com/collections/all-cats
Healthy Shores Canada,https://healthyshores.com/cats-wet-food/
Hill's Science Diet,https://www.hillspet.com/science-diet/cat-food
Hi-tek Naturals,https://www.chewy.com/hi-tek-naturals-grain-free-cat/dp/
Husse,https://england.husse.com/cats/dry-cat-food
Instinct Pet Food,https://www.instinctpetfood.com/cats
iti Pet Food,https://www.itipet.com/products/
Josera,https://www.josera.com/cats
Kirkland Signature,https://www.costco.com/kirkland-signature-chicken-and-rice-cat-food-25-lbs..product.100334973.html
Kongo,
KOOKUT,www.kookut.com/collections/for-cats
Leonardo Catfood,www.leonardo-catfood.com/
Lily's Kitchen,www.lilyskitchen.co.uk/for-cats
Little BigPaw,www.littlebigpaw.co.uk/cat-food-range/
Lotus,www.lotuspetfoods.com/
Maria Pet Food,www.mariapetfood.com/
Marp,www.marppetfood.eu/en/
Me-O,perfectcompanion.com.my/product-category/cat-food/meo/
MEOW Cat Food,
MeowMix,www.meowmix.com/cat-food/dry/original-choice
Mera Finest,www.mera-petfood.com/en/cats/catfood/mera-finest-fit/
Merrick,www.merrickpetcare.com/b/browse-cat-food/
Miamor (German),www.miamor.de/en/product/ragout-royale-in-cream-tray-chicken-in-carrot-cream-100-g
Miaw Miaw,nekojam.com/brand/miaw-miaw/
Micho,www.cagatay.com/micho-premium-cat-food/
Mito,www.cagatay.com/mito-mitomix-adult-cat-food/
Monge,www.monge.it/monge-natural-cat/?lang=en
Natural Balance,www.naturalbalanceinc.com/cat-formulas
Natural Greatness,naturalgreatness.com/cat-food/?lang=en
Natural Planet,www.fidospantry.com/natural-planet-organics-cat-food/
Nature's Logic,www.natureslogic.com/cat-products/
Nature's Protection,www.naturesprotection.eu/en/lcatalog/product/36/kitten/
Nature's Variety,www.instinctpetfood.com/cats
Naturliebe FairCat,german-petfood.com/category/fair-cat/46/
Naturliebe HappyCat,german-petfood.com/category/happy-cat/43/
Naturo,www.naturopetfoods.com/natural-cat-food
NEKKO,
New Origin Pet Bakery,nolnz.com/about-us-petbakery-natural-pet-food/
Nisshin Kaiseki,
North Paw,northpawgrainfree.ca/
Northwest Naturals,nw-naturals.net/cat-food/
NOW FRESH,nowfresh.com/en-us/all-cat-recipes
Nulo Freestyle,nulo.com/pages/for-cats
NutraGold,nutragold.com/products/cats/indoor-adult-cat/
Nutram Canada,nutram.com/products/cat
Nutrena Little Lion,www.nutrenaworld.com/dog-cat-foods
Nutrena Real O Plus,www.nutrenaworld.com/dog-cat-foods
Nutrience,nutrience.com/
Nutrio,www.nutro.ca/en/natural-cat-food
nutripe classic,www.kohepets.com.sg/products/nutripe-beef-lamb-green-tripe-canned-cat-food-185g
NutriSource,nutrisourcepetfoods.com/category/our-food/nutrisource/nutrisource-cats/
Nutro Natural Choice,nutro.com/shop-cats
Openfarm Korea,openfarmpet.com/collections/cat-food
Optimanova,www.optimanova.eu/en/optimanova/cat
Orgameal,
Organix,www.castorpolluxpet.com/cats/recipes/organix-grain-free-organic-chicken-sweet-potato-recipe
Orijen Cat,www.orijenpetfoods.com/en-CA/cats/cat-food/original-/064992682125.html
O'stech,
Oven-Baked Traditional,www.ovenbakedtradition.com/en/products/products-for-cat/
PRIMAL PET FOODS,primalpetfoods.com/
PRO PAC¢ç Ultimates,www.propacultimates.com/cat-food/
Pronature Canada,www.pronature.ca/en-ca/
Pro-Nutrition PureLife,www.pro-nutrition.flatazor.com/en/cat/purelife-for-cats
PureLuxe,www.pureluxepetfood.com/
Raws,rawznaturalpetfood.com/
Rex Catfood,www.rexpetcare.com/products/?lang=en
RoyalCanin,www.royalcanin.com/us/cats/products
Sanabelle,www.bosch-tiernahrung.de/en/cat-food/cat-sanabelle-kitten-poultry
Schesir,www.schesir.com/
Sheba,www.sheba.com/
Smack Raw HydratE Cat Food,ca.smackpetfood.com/collections/all
SmartHeartGold 9 care,www.carousell.sg/p/smartheart-gold-cat-food-skin-coat-care-203913762/
Snappy Tom,www.snappytom.com/products
SolidGold Perfood,solidgoldpet.com/
Specific,www.specific-diets.co.uk/
Stella and Chewys,www.stellaandchewys.com/cat-food/
Steve's Real Food,www.stevesrealfood.com/raw-cat-food/
Supreme Source,www.supremesourcepet.com/chicken-meal-turkey-meal-recipe-cat-food/
Taste of the Wild,www.tasteofthewildpetfood.com/taste-of-the-wild
Tender & True,
Terra Canis & Terra Fellis,www.terracanis.com/en-uk/cat-food/
"Thai Union Manufacturing Co.,Ltd",www.thaiunion.com/en/products-and-brands/our-products/pet-care
Thrive complete,thrivepetfoods.com/cats/wet-food
TIKI PETS,tikipets.com/cat/
TOMOJO Pet Food,en.tomojo.co/
TOTAL ALIMENTOS EQUILIBRIO,www.totalalimentos.com.br/en/professional/our-brands/cats
TROVET,www.trovet.com/product/intestinal-cat/
TRUELINE,www.pero-online.co.uk/our-range/cat-food/truline-cat-fish-variety/
Tuffy's Petfoods Dinnertime,villagepetproducts.com/tuffys-dinnertime-cat-food-40
Tuffy's Purevita,nutrisourcepetfoods.com/category/our-food/purevita/
TUSCAN NATURAL,tuscannatural.com/for-cats/carne-grain-free-recipe/
Verus,www.veruspetfoods.com/felinelifeadvantagedry-detail/
Vet's Complete Life,vetsallnatural.com.au/
Vet's Kitchen,vetskitchen.co.uk/collections/shop-cats
Vigor&Sage,
Vintage Cat food,vintageovenfresh.com/
Vitakraft Cat Food,www.vitakraft.asia/pet-care/cats.html
Vital Essentials,www.vitalessentialsraw.com/cat/food/
Wahre Liebe,www.mera-petfood.com/de/katze/katzenfutter/wahre-liebe-wird-zu-finest-fit/
Wellnesss,www.wellnesspetfood.com/natural-cat-food
Weruba Catfood,weruva.com/cat-landing/
Whiskas,www.whiskas.ca/en/our-products
Wishbone,wishbonepet.com/
Wysong,www.wysong.net/
ZEAL Canada,zealpetfood.ca/pet/cat/
ZiwiPeak,www.ziwipets.com/cat-food
